n,run,theta_nw,theta_bh,t_nw,t_bh,theta_nw_plus_t_nw,theta_bh_plus_t_bh,ratio_nw_bh
10,1,1.0199997632298619e-05,0.0003293000008852687,0.006739799999195384,0.0017241999994439539,0.0067499999968276825,0.0020535000003292225,3.287070852566596
10,2,8.800001523923129e-06,0.0002918999998655636,0.0076180999967618845,0.0012291000020923093,0.007626899998285808,0.0015210000019578729,5.014398414509042
10,3,1.1100000847363845e-05,0.0003145000009681098,0.0060517999991134275,0.0017160999996121973,0.006062899999960791,0.002030600000580307,2.985767752500802
10,4,1.1000000085914508e-05,0.00030530000003636815,0.006491000000096392,0.0017654999974183738,0.006502000000182306,0.002070799997454742,3.1398493375381653
10,5,9.800001862458885e-06,0.0003034999972442165,0.007520000002841698,0.0009831999996094964,0.007529800004704157,0.001286699996853713,5.852024576914825
10,6,1.1299998732283711e-05,0.0003501999999571126,0.007953899999847636,0.0026163000002270564,0.00796519999857992,0.002966500000184169,2.685049721249087
10,7,1.089999932446517e-05,0.0003155999984301161,0.008289599998533959,0.001045900000463007,0.008300499997858424,0.0013614999988931231,6.096584652667347
10,8,9.499999578110874e-06,0.0003956000000471249,0.007959400001709582,0.003384399999049492,0.007968900001287693,0.003779999999096617,2.1081746040190956
10,9,1.0100000508828089e-05,0.000787000000855187,0.009575800002494361,0.0013625999999931082,0.00958590000300319,0.002149600000848295,4.459387792715069
10,10,8.700000762473792e-06,0.00028979999842704274,0.006211299998540198,0.0018625000011525117,0.006219999999302672,0.0021522999995795544,2.889931701211602
10,11,7.800001185387373e-06,0.0002817999993567355,0.005176800001208903,0.0011084000034315977,0.005184600002394291,0.0013902000027883332,3.729391448709182
10,12,9.799998224480078e-06,0.00036719999843626283,0.005237900000793161,0.0026527000009082258,0.005247699999017641,0.0030198999993444886,1.737706546626288
10,13,7.700000423938036e-06,0.00029180000274209306,0.005619299998215865,0.0030208999996830244,0.005626999998639803,0.0033127000024251174,1.6986144216260042
10,14,9.899998985929415e-06,0.000402000001486158,0.00796260000061011,0.000962200003414182,0.007972499999596039,0.00136420000490034,5.844084423807388
10,15,8.499999239575118e-06,0.0003333000022394117,0.007963099997141398,0.0013854999997420236,0.007971599996380974,0.0017188000019814353,4.637886890383582
10,16,7.099999493220821e-06,0.00029149999681976624,0.00633899999957066,0.0038908999995328486,0.006346099999063881,0.004182399996352615,1.5173345458584029
10,17,9.800001862458885e-06,0.000374700000975281,0.00897619999886956,0.002248599997983547,0.00898600000073202,0.002623299998958828,3.4254564877438756
10,18,9.399998816661537e-06,0.00034450000021024607,0.007021800000075018,0.0015903000021353364,0.00703119999889168,0.0019348000023455825,3.6340707000039627
10,19,7.200000254670158e-06,0.0003175000019837171,0.007513000000471948,0.002242000002297573,0.007520200000726618,0.00255950000428129,2.93815197817837
10,20,7.399998139590025e-06,0.0002782000010483898,0.00631240000075195,0.002171799998905044,0.00631979999889154,0.002449999999953434,2.5795102036782276
10,21,7.499998901039362e-06,0.0002686000007088296,0.008739500000956468,0.0016262999997707084,0.008746999999857508,0.001894900000479538,4.61607472565514
10,22,9.199997293762863e-06,0.0004675999989558477,0.006145600000309059,0.0006563999995705672,0.006154799997602822,0.0011239999985264149,5.475800716789929
10,23,7.600003300467506e-06,0.00032110000029206276,0.006387000001268461,0.0006501999996544328,0.006394600004568929,0.0009712999999464955,6.5835478275725094
10,24,8.39999847812578e-06,0.00036130000080447644,0.008094500000879634,0.0024998999979288783,0.00810289999935776,0.0028611999987333547,2.831993570161083
10,25,1.0000003385357559e-05,0.0003600000018195715,0.006690900001558475,0.001632799998333212,0.006700900004943833,0.0019928000001527835,3.362555200938423
10,26,9.400002454640344e-06,0.0003479999977571424,0.008845700001984369,0.0015342000006057788,0.00885510000443901,0.0018821999983629212,4.704654134598289
10,27,9.499999578110874e-06,0.0003692999998747837,0.009490700002061203,0.002142200002708705,0.009500200001639314,0.002511500002583489,3.782679670263509
10,28,9.100000170292333e-06,0.0003797999997914303,0.008293200000480283,0.001586399997904664,0.008302300000650575,0.001966199997696094,4.222510431481457
10,29,7.99999907030724e-06,0.00027889999910257757,0.0062521999971068,0.0016746000001148786,0.006260199996177107,0.001953499999217456,3.2046071147606106
10,30,7.500002539018169e-06,0.0002853999976650812,0.005800700000690995,0.002440199998090975,0.005808200003230013,0.002725599995756056,2.1309803391083704
10,31,7.300001016119495e-06,0.0002913999996962957,0.005992799997329712,0.0016331999977410305,0.006000099998345831,0.0019245999974373262,3.1175828776551904
10,32,9.300001693191007e-06,0.00034419999792589806,0.006938700000318931,0.0018053000021609478,0.006948000002012122,0.002149500000086846,3.23237962397367
10,33,9.499999578110874e-06,0.0005356999972718768,0.007025399998383364,0.0023312000012083445,0.007034899997961475,0.0028668999984802213,2.453835153542419
10,34,8.300001354655251e-06,0.0003403000009711832,0.009475700000621146,0.002932900002633687,0.0094840000019758,0.0032732000036048703,2.897470362804227
10,35,8.999999408842996e-06,0.0003584000005503185,0.009252300002117408,0.0019530999998096377,0.009261300001526251,0.002311500000359956,4.006619078556801
10,36,6.400001439033076e-06,0.00029939999876660295,0.008727500000532018,0.00394619999860879,0.008733900001971051,0.004245599997375393,2.057165066744465
10,37,1.1899999663000926e-05,0.0004254000014043413,0.006863699996756623,0.0016996999984257855,0.0068755999964196235,0.0021250999998301268,3.235424213904868
10,38,8.099999831756577e-06,0.00028730000121868216,0.006984599996940233,0.0018621000017446931,0.006992699996771989,0.0021494000029633753,3.2533265037364667
10,39,6.70000008540228e-06,0.0002719000003708061,0.005809700000099838,0.0012781999976141378,0.00581640000018524,0.001550099997984944,3.7522740518329676
10,40,6.199999916134402e-06,0.00034189999860245734,0.007916099999420112,0.0018850000014936086,0.007922299999336246,0.002226900000096066,3.5575463644503516
10,41,8.000002708286047e-06,0.0002967999971588142,0.011390199997549644,0.005179099996894365,0.01139820000025793,0.005475899994053179,2.081520848195979
10,42,1.4500001270789653e-05,0.0007153000005928334,0.00951119999808725,0.0028708999998343643,0.00952569999935804,0.0035862000004271977,2.656209915292876
10,43,7.500002539018169e-06,0.00029429999995045364,0.009842100000241771,0.0024741999986872543,0.00984960000278079,0.002768499998637708,3.557738850506581
10,44,8.999999408842996e-06,0.00034729999970295466,0.008048499999858905,0.0021754000008513685,0.008057499999267748,0.002522700000554323,3.1939984926853136
10,45,8.899998647393659e-06,0.00032929999724728987,0.0076950000002398156,0.0010818000009749085,0.007703899998887209,0.0014110999982221983,5.45949968718951
10,46,8.800001523923129e-06,0.000378700002329424,0.009546199999022065,0.002312199998414144,0.009555000000545988,0.002690900000743568,3.55085658995343
10,47,7.300001016119495e-06,0.00028309999834164046,0.00746390000131214,0.001322000000072876,0.00747120000232826,0.0016050999984145164,4.654663266904337
10,48,6.400001439033076e-06,0.0003752999982680194,0.005682799997885013,0.0016337999986717477,0.005689199999324046,0.002009099996939767,2.83171569757093
10,49,7.99999907030724e-06,0.0003198000013071578,0.006807199999457225,0.001602100001036888,0.0068151999985275324,0.0019219000023440458,3.546074192317692
10,50,6.999998731771484e-06,0.00031709999893791974,0.008307200001581805,0.0017861999986052979,0.008314200000313576,0.0021032999975432176,3.952931113024803
10,51,7.599999662488699e-06,0.0003145000009681098,0.007891299999755574,0.0011076999981014524,0.007898899999418063,0.0014221999990695622,5.554000846987566
10,52,7.600003300467506e-06,0.00030170000172802247,0.0057201000017812476,0.0024446000024909154,0.005727700005081715,0.002746300004218938,2.0856060868378083
10,53,6.900001608300954e-06,0.0002936999990197364,0.008206200000131503,0.0021516000015253667,0.008213100001739804,0.002445300000545103,3.358728990270703
10,54,7.200000254670158e-06,0.00032110000029206276,0.006845399999292567,0.0015055000003485475,0.0068525999995472375,0.0018266000006406102,3.7515602743588907
10,55,6.599999323952943e-06,0.0002815000007103663,0.009187499999825377,0.0026619000018399674,0.00919409999914933,0.0029434000025503337,3.123632530808937
10,56,8.499999239575118e-06,0.00031350000062957406,0.00594959999943967,0.001631999999517575,0.005958099998679245,0.001945500000147149,3.062503211631252
10,57,6.70000008540228e-06,0.0002898999991884921,0.00871249999909196,0.0017785999989428092,0.008719199999177363,0.0020684999981313013,4.215228429806311
10,58,7.200000254670158e-06,0.0003163999972457532,0.008837199999106815,0.0023373999974865,0.008844399999361485,0.0026537999947322533,3.332730430672042
10,59,9.199997293762863e-06,0.00039770000148564577,0.007331799999519717,0.001107599997340003,0.00734099999681348,0.0015052999988256488,4.876768752102916
10,60,6.599999323952943e-06,0.0002941999991890043,0.007578699998703087,0.002406600000540493,0.00758529999802704,0.0027007999997294974,2.8085382104512577
10,61,7.700000423938036e-06,0.00029210000138846226,0.007624099998793099,0.0027871999991475604,0.007631799999217037,0.0030793000005360227,2.4784204195396837
10,62,8.499999239575118e-06,0.00032760000249254517,0.007966599998326274,0.0017514999999548309,0.007975099997565849,0.002079100002447376,3.835842426135395
10,63,7.90000194683671e-06,0.00029519999952754006,0.007925800000521122,0.0026839000020117965,0.007933700002467958,0.0029791000015393365,2.6631197336002552
10,64,8.099999831756577e-06,0.00037760000122943893,0.006577600001037354,0.00083470000026864,0.00658570000086911,0.001212300001498079,5.432401214823843
10,65,7.000002369750291e-06,0.0003163999972457532,0.005783299999166047,0.001242000002093846,0.0057903000015357975,0.0015583999993395992,3.7155415836688555
10,66,8.099999831756577e-06,0.0003541000005498063,0.008101400002487935,0.002657999997609295,0.008109500002319692,0.0030120999981591012,2.6923076947232687
10,67,9.999999747378752e-06,0.0006737000003340654,0.010027299998910166,0.0018880999996326864,0.010037299998657545,0.002561799999966752,3.9180654222764515
10,68,8.499999239575118e-06,0.00027889999910257757,0.005300400000123773,0.001388500000757631,0.005308899999363348,0.0016673999998602085,3.1839390666957152
10,69,7.200000254670158e-06,0.0002662999977474101,0.005556200001592515,0.0016673999998602085,0.005563400001847185,0.0019336999976076186,2.8770750420076774
10,70,7.099999493220821e-06,0.0003255000010540243,0.008201699998608092,0.003010000000358559,0.008208799998101313,0.0033355000014125835,2.4610403221780506
10,71,9.100000170292333e-06,0.00033070000063162297,0.006193699999130331,0.0021290000004228204,0.006202799999300623,0.0024597000010544434,2.5217709463111593
10,72,1.1300002370262519e-05,0.0004122000027564354,0.008936199999880046,0.001675499999691965,0.008947500002250308,0.0020877000024484005,4.285816923771094
10,73,9.2999980552122e-06,0.00034840000080293976,0.00815869999860297,0.0026257999998051673,0.008167999996658182,0.002974200000608107,2.7462847135324275
10,74,9.60000033956021e-06,0.00042209999810438603,0.009025499999552267,0.0023839000023144763,0.009035099999891827,0.0028060000004188623,3.2199215960595593
10,75,1.8999999156221747e-05,0.0003637000008893665,0.007496399997762637,0.0012370000004011672,0.007515399996918859,0.0016007000012905337,4.695070900768234
10,76,7.799997547408566e-06,0.0003198000013071578,0.008022300000448013,0.0015743000003567431,0.008030099997995421,0.001894100001663901,4.2395332827946035
10,77,8.999999408842996e-06,0.00032949999877018854,0.008546299999579787,0.003056499997910578,0.00855529999898863,0.0033859999966807663,2.526668637736336
10,78,9.399998816661537e-06,0.00034890000097220764,0.006661499999609077,0.003355500000907341,0.006670899998425739,0.0037044000018795487,1.8008044474249647
10,79,8.300001354655251e-06,0.0003316000002087094,0.006229500002518762,0.0021673999981430825,0.006237800003873417,0.002498999998351792,2.496118450575246
10,80,9.199997293762863e-06,0.0003663000024971552,0.0070197999993979465,0.002569199998106342,0.007028999996691709,0.002935500000603497,2.394481347384312
10,81,7.90000194683671e-06,0.0003237000018998515,0.006562999999005115,0.0021435999988170806,0.006570900000951951,0.002467300000716932,2.66319458478605
10,82,7.300001016119495e-06,0.0003907999998773448,0.00846300000193878,0.0016584000004513655,0.0084703000029549,0.0020492000003287103,4.133466719498432
10,83,7.800001185387373e-06,0.00029379999978118576,0.005007100000511855,0.002115600000252016,0.005014900001697242,0.0024094000000332016,2.0813895582419426
10,84,8.999999408842996e-06,0.0004169999992882367,0.005893499997910112,0.002673099999810802,0.005902499997318955,0.0030900999990990385,1.9101323578654124
10,85,8.600000001024455e-06,0.00033880000046337955,0.00849729999754345,0.002635199998621829,0.008505899997544475,0.0029739999990852084,2.860087424398406
10,86,8.499999239575118e-06,0.00039280000055441633,0.007116199998563388,0.0009439999994356185,0.0071246999978029635,0.0013367999999900348,5.329667861950983
10,87,9.20000093174167e-06,0.00044519999937620014,0.006270199999562465,0.0025854999985313043,0.006279400000494206,0.0030306999979075044,2.0719305786879967
10,88,6.199999916134402e-06,0.0002778999987640418,0.006072299998777453,0.0012507999999797903,0.006078499998693587,0.0015286999987438321,3.9762543361604177
10,89,8.700000762473792e-06,0.00035549999665818177,0.005986699998175027,0.0010584000010567252,0.005995399998937501,0.001413899997714907,4.240328176410669
10,90,7.099999493220821e-06,0.0002883000015572179,0.0058996999978262465,0.0016227000014623627,0.005906799997319467,0.0019110000030195806,3.0909471418032983
10,91,6.899997970322147e-06,0.00027970000155619346,0.0057137000003422145,0.004254499999660766,0.005720599998312537,0.004534200001216959,1.2616558591983487
10,92,1.300000076298602e-05,0.0005001000026823021,0.008979800000815885,0.001532899997982895,0.008992800001578871,0.002033000000665197,4.42341367370213
10,93,8.800001523923129e-06,0.0003136000013910234,0.007382200001302408,0.001414000002114335,0.007391000002826331,0.0017276000035053585,4.278189388648845
10,94,8.300001354655251e-06,0.0002879999992728699,0.007833700001356192,0.00228150000111782,0.007842000002710847,0.00256950000039069,3.0519556339826734
10,95,1.0799998563015833e-05,0.00043599999844445847,0.009664899997005705,0.0010378000006312504,0.00967569999556872,0.001473799999075709,6.565137740288248
10,96,1.0200001270277426e-05,0.00035879999995813705,0.005765999998402549,0.0018627999997988809,0.005776199999672826,0.002221599999757018,2.6000180051785127
10,97,8.999999408842996e-06,0.00035399999978835694,0.008215499998186715,0.002138699997885851,0.008224499997595558,0.002492699997674208,3.2994343504109422
10,98,9.69999746303074e-06,0.00036589999945135787,0.007193999997980427,0.0008027000003494322,0.007203699995443458,0.00116859999980079,6.1643847310212765
10,99,7.699996785959229e-06,0.00027520000003278255,0.004410599998664111,0.0027355999991414137,0.00441829999545007,0.0030107999991741963,1.467483724147045
10,100,7.599999662488699e-06,0.0003854000024148263,0.009389300001203083,0.001717600000120001,0.009396900000865571,0.0021030000025348272,4.468330950803198
40,1,2.1200001356191933e-05,0.009647599999880185,0.7966659000012442,0.134163400001853,0.7966871000026003,0.1438110000017332,5.539820319676512
40,2,2.179999864893034e-05,0.008323500002006767,0.8797905999999784,0.2720195000001695,0.8798123999986274,0.28034300000217627,3.1383426730533577
40,3,1.790000169421546e-05,0.007962800002133008,0.6735876000020653,0.1558182000007946,0.6736055000037595,0.1637810000029276,4.112842759488089
40,4,2.0600000425474718e-05,0.007919599996967008,0.635965400000714,0.1249368000026152,0.6359860000011395,0.1328563999995822,4.78701816399616
40,5,1.7899998056236655e-05,0.007556100001238519,0.5653854000011052,0.12612689999878057,0.5654032999991614,0.1336830000000191,4.229433061788565
40,6,1.7700000171316788e-05,0.007470100001228275,0.6170259000027727,0.10767860000123619,0.617043600002944,0.11514870000246447,5.358667531546059
40,7,2.0600000425474718e-05,0.0077109000012569595,0.5603497000010975,0.0954143999988446,0.560370300001523,0.10312530000010156,5.433878010546113
40,8,2.0200001017656177e-05,0.007785699999658391,0.6925076999978046,0.09145899999930407,0.6925278999988222,0.09924469999896246,6.977983711030031
40,9,2.269999822601676e-05,0.008023400001547998,0.6620304999996733,0.12089370000103372,0.6620531999978994,0.12891710000258172,5.1354956013177535
40,10,2.600000152597204e-05,0.008143399998516543,0.5832855000007839,0.1622823999969114,0.5833115000023099,0.17042579999542795,3.422671332732242
40,11,1.9099999917671084e-05,0.008164499999111285,0.6634691999970528,0.05807930000082706,0.6634882999969705,0.06624379999993835,10.015855068664358
40,12,1.930000144056976e-05,0.007704199997533578,0.8677133999990474,0.09926029999769526,0.867732700000488,0.10696449999522883,8.112342880480844
40,13,2.229999881819822e-05,0.00832770000124583,0.5893504999985453,0.10634799999752431,0.5893727999973635,0.11467569999877014,5.139474186804042
40,14,1.720000000204891e-05,0.007632299999386305,0.6512607999975444,0.1378182000007655,0.6512779999975464,0.1454505000001518,4.477660784919039
40,15,1.8999999156221747e-05,0.007932299999083625,0.6655522000000929,0.15955460000259336,0.6655711999992491,0.16748690000167699,3.973870195176966
40,16,2.13999992411118e-05,0.007406900000205496,1.0742142000017338,0.3414316000016697,1.074235600000975,0.3488385000018752,3.0794639926361347
40,17,2.170000152545981e-05,0.00862030000280356,0.6074343000000226,0.12206379999770434,0.6074560000015481,0.1306841000005079,4.648277793543264
40,18,2.1100000594742596e-05,0.008723499999177875,0.638509399999748,0.11730330000136746,0.6385305000003427,0.12602680000054534,5.066624717897937
40,19,1.7800000932766125e-05,0.0077182999993965495,0.7388078000003588,0.12374889999773586,0.7388256000012916,0.1314671999971324,5.619847384118677
40,20,1.97000008483883e-05,0.007888100000855047,0.6314101000025403,0.15284230000179377,0.6314298000033887,0.16073040000264882,3.928502635425425
40,21,1.8799997633323073e-05,0.008570800000597956,0.6242836000019452,0.1396329000017431,0.6243023999995785,0.14820370000234107,4.212461632130081
40,22,1.7400001524947584e-05,0.007977899997058557,0.5896498999973119,0.1331648999985191,0.5896672999988368,0.14114279999557766,4.177806448627295
40,23,1.720000000204891e-05,0.007397000001219567,0.5813023999980942,0.09399710000070627,0.5813195999980962,0.10139410000192584,5.7332685036610105
40,24,1.939999856404029e-05,0.00788720000127796,0.6393666000003577,0.12898100000165869,0.6393859999989218,0.13686820000293665,4.671545325979323
40,25,2.019999737967737e-05,0.008052900000620866,0.6917804000004253,0.07545879999815952,0.691800599997805,0.08351169999878039,8.283876391067457
40,26,2.1100000594742596e-05,0.007721599999058526,0.6713142000007792,0.17312780000065686,0.671335300001374,0.1808493999997154,3.7121234574316007
40,27,1.9900002371286973e-05,0.008117900000797817,0.6269922999999835,0.12021240000103717,0.6270122000023548,0.12833030000183498,4.885924836093964
40,28,1.979999797185883e-05,0.00791630000094301,0.6594507000008889,0.12220340000203578,0.6594704999988608,0.1301197000029788,5.068183372569747
40,29,1.80000024556648e-05,0.007550299997092225,0.7324652000024798,0.13934620000145514,0.7324832000049355,0.14689649999854737,4.9863897370745995
40,30,1.979999797185883e-05,0.007531300001573982,0.6147653999978502,0.06584210000073654,0.614785199995822,0.07337340000231052,8.378856642549787
40,31,1.9999999494757503e-05,0.007315599999856204,0.5612360999984958,0.11446729999806848,0.5612560999979905,0.12178289999792469,4.608660986128225
40,32,1.670000347075984e-05,0.007724999999481952,0.5158949000033317,0.13650110000162385,0.5159116000068025,0.1442261000011058,3.577102896097495
40,33,2.0200001017656177e-05,0.008295399999042274,0.5734742999993614,0.08413560000190046,0.573494500000379,0.09243100000094273,6.204568813434127
40,34,1.9999999494757503e-05,0.007782299999234965,0.675329599998804,0.12753159999920172,0.6753495999982988,0.13531389999843668,4.990984666069792
40,35,2.010000025620684e-05,0.007847499997296836,0.5971420999994734,0.16976979999890318,0.5971621999997296,0.17761729999620002,3.362072275687703
40,36,1.8500002624932677e-05,0.00793330000306014,0.6061909999989439,0.19544189999942319,0.6062095000015688,0.20337520000248333,2.9807444565225585
40,37,2.010000025620684e-05,0.007652100000996143,0.7645456999998714,0.1392825000002631,0.7645658000001276,0.14693460000125924,5.203442892236241
40,38,1.8200000340584666e-05,0.007225099998322548,0.5920955000001413,0.09415729999818723,0.5921137000004819,0.10138239999650978,5.84039932000886
40,39,1.750000228639692e-05,0.0076929000024392735,0.7175207000000228,0.1112317000006442,0.7175382000023092,0.11892460000308347,6.03355571499677
40,40,2.0200001017656177e-05,0.007890100001532119,0.630491499996424,0.11135369999828981,0.6305116999974416,0.11924379999982193,5.2875847633032755
40,41,2.0299998141126707e-05,0.008370799998374423,0.6509373999979289,0.076631299998553,0.65095769999607,0.08500209999692743,7.658136681559634
40,42,1.9499999325489625e-05,0.00810260000071139,0.6316385999998602,0.08921290000216686,0.6316580999991857,0.09731550000287825,6.490827257533521
40,43,1.9099999917671084e-05,0.008631900000182213,0.5080358000013803,0.11592599999858066,0.5080549000012979,0.12455789999876288,4.078865330953268
40,44,2.470000254106708e-05,0.007535100001405226,0.5984431999968365,0.092114600000059,0.5984678999993776,0.09964970000146423,6.005717026650194
40,45,1.7000002117129043e-05,0.007459899999957997,0.6226433000010729,0.13097489999927348,0.6226603000031901,0.13843479999923147,4.497859642276702
40,46,2.13999992411118e-05,0.008083799999440089,0.6416403000002902,0.11144139999669278,0.6416616999995313,0.11952519999613287,5.368421889445001
40,47,2.0700001186924055e-05,0.00799159999951371,0.9438996999997471,0.21182950000002165,0.943920400000934,0.21982109999953536,4.29403910726918
40,48,2.0299998141126707e-05,0.007820099999662489,0.6155788000032771,0.12550779999946826,0.6155991000014183,0.13332789999913075,4.617181400182796
40,49,1.7700000171316788e-05,0.007438900000124704,0.6354336000003968,0.15398840000125347,0.6354513000005682,0.16142730000137817,3.9364549862083
40,50,1.9400002202019095e-05,0.007495600002584979,0.679408500000136,0.15232710000054794,0.679427900002338,0.15982270000313292,4.251135164085074
40,51,1.6199999663513154e-05,0.008172000001650304,0.7174286999979813,0.14749600000141072,0.7174448999976448,0.15566800000306102,4.608814271292347
40,52,2.0799998310394585e-05,0.007843499999580672,0.6062504999972589,0.12020959999790648,0.6062712999955693,0.12805309999748715,4.73453044094572
40,53,1.8500002624932677e-05,0.008386600002268096,0.7686710999987554,0.19502730000021984,0.7686896000013803,0.20341390000248794,3.778943326842357
40,54,4.8099998821271583e-05,0.007979999998497078,0.692145499997423,0.10152400000151829,0.6921935999962443,0.10950400000001537,6.321171829304383
40,55,2.3399999918183312e-05,0.00769639999998617,0.6575564999984636,0.12700309999854653,0.6575798999983817,0.1346994999985327,4.881828811580926
40,56,1.8700000509852543e-05,0.007597600000735838,0.6605994999990799,0.11580580000008922,0.6606181999995897,0.12340340000082506,5.353322517816956
40,57,1.7099999240599573e-05,0.007755400001769885,0.6369967000027827,0.08830169999782811,0.6370138000020233,0.096057099999598,6.631615986790037
40,58,1.849999898695387e-05,0.007955900000524707,0.6680984000013268,0.15858549999757088,0.6681169000003138,0.16654139999809559,4.011716606248979
40,59,2.010000025620684e-05,0.008814699998765718,0.5994129999999132,0.15645800000129384,0.5994331000001694,0.16527270000005956,3.626933546798433
40,60,1.809999957913533e-05,0.007216599999082973,0.5833775999999489,0.11785759999838774,0.583395699999528,0.12507419999747071,4.66439681414173
40,61,1.799999881768599e-05,0.007970700000441866,0.6890041000006022,0.1265333000010287,0.6890220999994199,0.13450400000147056,5.1226885445182795
40,62,1.9499999325489625e-05,0.007932699998491444,0.6679308999991918,0.08830999999918276,0.6679503999985172,0.09624269999767421,6.94027079471647
40,63,1.6599999071331695e-05,0.007932500000606524,0.7188199000011082,0.13323590000072727,0.7188365000001795,0.1411684000013338,5.092049637124085
40,64,1.720000000204891e-05,0.007366800000454532,0.7400228000005882,0.14245020000089426,0.7400400000005902,0.1498170000013488,4.939626344099319
40,65,1.9499999325489625e-05,0.008184199999959674,1.5550925000025018,0.5313912999990862,1.5551120000018273,0.5395754999990459,2.8821026899934803
40,66,1.9899998733308166e-05,0.007544599997345358,0.6387877999986813,0.11576520000016899,0.6388076999974146,0.12330979999751435,5.180510389363145
40,67,2.0299998141126707e-05,0.0077052999986335635,0.6304337000001397,0.13140289999864763,0.6304539999982808,0.1391081999972812,4.532112413291256
40,68,2.0799998310394585e-05,0.007860499998059822,0.6260803999975906,0.17997570000079577,0.626101199995901,0.1878361999988556,3.3332296969365625
40,69,1.6499998309882358e-05,0.007842800001526484,0.6134590000001481,0.11593469999934314,0.613475499998458,0.12377750000086962,4.956276382978714
40,70,2.0399998902576044e-05,0.0078038999999989755,0.6139344999974128,0.09711030000107712,0.6139548999963154,0.1049142000010761,5.85197142036081
40,71,2.0200001017656177e-05,0.008196599999791943,0.5888292999989062,0.11563270000260673,0.5888494999999239,0.12382930000239867,4.755332542366931
40,72,1.9500002963468432e-05,0.007579300003271783,0.6649222000014561,0.1284291999982088,0.6649417000044195,0.13600850000148057,4.888971645133805
40,73,2.099999983329326e-05,0.008104900000034831,0.9548749000023236,0.14784720000170637,0.9548959000021568,0.1559521000017412,6.123007641394348
40,74,1.8999999156221747e-05,0.007879599997977493,0.6907649999993737,0.12774890000218875,0.6907839999985299,0.13562850000016624,5.093206811235715
40,75,1.7400001524947584e-05,0.007578000000648899,0.6416208000009647,0.16126860000076704,0.6416382000024896,0.16884660000141594,3.8001250839348195
40,76,1.809999957913533e-05,0.007308500000362983,0.5738080999981321,0.13350379999974393,0.5738261999977112,0.14081230000010692,4.075114176796172
40,77,2.0300001779105514e-05,0.007965599997987738,0.6394629999995232,0.11593569999968167,0.6394833000013023,0.12390129999766941,5.1612315610355255
40,78,1.9499999325489625e-05,0.007872099999076454,0.6302276000023994,0.13974810000217985,0.6302471000017249,0.1476202000012563,4.269382509957047
40,79,1.9099999917671084e-05,0.007740300003206357,0.6264637999993283,0.12457630000062636,0.626482899999246,0.13231660000383272,4.734726406067713
40,80,1.8999999156221747e-05,0.007871199999499368,0.6653315000003204,0.21092370000042138,0.6653504999994766,0.21879489999992074,3.0409781032360335
40,81,1.9000002794200554e-05,0.00872920000256272,0.6064660999982152,0.12237420000019483,0.6064851000010094,0.13110340000275755,4.6260058853412875
40,82,2.0700001186924055e-05,0.008061399999860441,0.6645312000000558,0.11800270000094315,0.6645519000012428,0.1260641000008036,5.27153963735121
40,83,2.2000000171829015e-05,0.008500699997966876,0.5476916000006895,0.09178619999875082,0.5477136000008613,0.1002868999967177,5.461467051217931
40,84,2.0600000425474718e-05,0.007712300001003314,0.5701623999993899,0.1259959000017261,0.5701829999998154,0.13370820000272943,4.264383186582244
40,85,2.010000025620684e-05,0.007516199999372475,0.5421554000022297,0.117105299999821,0.5421755000024859,0.12462149999919347,4.350577548865925
40,86,2.049999966402538e-05,0.007930399999168003,0.7541177999992215,0.09773109999878216,0.7541382999988855,0.10566149999795016,7.13730450555326
40,87,1.9499999325489625e-05,0.009422600000107195,0.6096742000008817,0.09191629999986617,0.6096937000002072,0.10133889999997336,6.016383639455011
40,88,1.720000000204891e-05,0.007341000000451459,0.6490989000012632,0.12451570000121137,0.6491161000012653,0.13185670000166283,4.922890531865876
40,89,1.8700000509852543e-05,0.007748299998638686,1.4083562000014354,0.14351149999856716,1.4083749000019452,0.15125979999720585,9.310966297905733
40,90,1.7700000171316788e-05,0.008018399999855319,0.6168217999984336,0.12389930000063032,0.6168394999986049,0.13191770000048564,4.675941894047077
40,91,1.6699999832781032e-05,0.007211399999505375,0.7023942999985593,0.09389359999840963,0.7024109999983921,0.101104999997915,6.947341872438329
40,92,2.4199998733820394e-05,0.007741800000076182,0.6736594000030891,0.12247220000062953,0.6736836000018229,0.1302140000007057,5.173664890089943
40,93,2.1600000764010474e-05,0.008644100002129562,0.6208522000015364,0.14495090000127675,0.6208738000023004,0.1535950000034063,4.042278719935748
40,94,2.0800001948373392e-05,0.007916200000181561,0.6020381999987876,0.07689380000010715,0.602059000000736,0.08481000000028871,7.098915222246037
40,95,2.0800001948373392e-05,0.008623800000350457,0.6437731000005442,0.14082300000154646,0.6437939000024926,0.14944680000189692,4.307846671821149
40,96,2.2099997295299545e-05,0.007806400000845315,0.6635350999968068,0.20955730000059702,0.6635571999941021,0.21736370000144234,3.052750758243897
40,97,1.9800001609837636e-05,0.007574299997941125,0.6057658999998239,0.10704459999760729,0.6057857000014337,0.11461889999554842,5.285216487202034
40,98,1.720000000204891e-05,0.0073962999995274,0.6777971999981673,0.10988759999963804,0.6778143999981694,0.11728389999916544,5.779262115286007
40,99,3.510000169626437e-05,0.008136200001899851,0.6325418000014906,0.12648860000263085,0.6325769000031869,0.1346248000045307,4.698814037100876
40,100,1.7700000171316788e-05,0.00789719999738736,0.5556103000017174,0.11427760000151466,0.5556280000018887,0.12217479999890202,4.547811823771204
100,1,6.009999924572185e-05,0.08804270000109682,39.6249816999989,14.760721300001023,39.625041799998144,14.84876400000212,2.668575094869343
100,2,5.570000212173909e-05,0.08308620000025257,15.367180699999153,6.087638099998003,15.367236400001275,6.1707242999982554,2.4903456471075236
100,3,5.750000127591193e-05,0.0854356000018015,15.622437400001218,2.4042952000017976,15.622494900002494,2.489730800003599,6.274772718391848
100,4,5.570000212173909e-05,0.09658960000160732,19.266466600001877,2.6577365000011923,19.266522300004,2.7543261000027996,6.9950040773982485
100,5,5.100000271340832e-05,0.0845997999967949,16.036502400002064,2.6612967000000936,16.036553400004777,2.7458964999968885,5.840188586868788
100,6,5.439999949885532e-05,0.09621020000122371,22.34143359999871,2.2474246000019775,22.341487999998208,2.3436348000032012,9.532836771312532
100,7,5.8499997976468876e-05,0.09336020000046119,17.562272200000734,2.456509099996765,17.56233069999871,2.5498692999972263,6.887541530076782
100,8,4.650000118999742e-05,0.0816887000000861,15.119131999999809,2.915914499997598,15.119178500000999,2.997603199997684,5.043755791297754
100,9,5.830000009154901e-05,0.08360270000048331,15.697361899998214,3.4870951999982935,15.697420199998305,3.570697899998777,4.396177061073602
100,10,4.949999856762588e-05,0.0832044999988284,21.522312299999612,3.2154766999992717,21.52236179999818,3.2986811999981,6.524535259730639
100,11,5.819999933009967e-05,0.0857109999997192,15.950136999999813,3.171266500001366,15.950195199999143,3.256977500001085,4.897238375148072
100,12,6.880000000819564e-05,0.08447950000117999,14.91504790000181,3.44678770000246,14.915116700001818,3.53126720000364,4.223729289017394
100,13,5.6400000175926834e-05,0.08441510000193375,15.88695319999897,3.0151915999995254,15.887009599999146,3.099606700001459,5.125492082589597
100,14,5.379999856813811e-05,0.08670419999907608,17.111840499997925,2.5090841999990516,17.111894299996493,2.5957883999981277,6.592176118827265
100,15,5.570000212173909e-05,0.08507000000099652,15.653090499999962,2.5189400000017486,15.653146200002084,2.604010000002745,6.011169772767993
100,16,5.919999966863543e-05,0.0882495999976527,15.782744399999501,3.194118499999604,15.78280359999917,3.2823680999972566,4.808358818748074
100,17,4.830000034417026e-05,0.0858369000015955,14.037159099996643,2.4318674999994982,14.037207399996987,2.5177044000010937,5.575399320107193
100,18,4.769999941345304e-05,0.08518689999982598,15.70468400000027,5.303903100000753,15.704731699999684,5.389090000000579,2.9141713536047824
100,19,5.400000009103678e-05,0.08372159999998985,15.631018199997925,2.73320369999783,15.631072199998016,2.81692529999782,5.548983567299464
100,20,5.3800002206116915e-05,0.08221059999777935,14.761805499998445,2.179190999999264,14.761859300000651,2.2614015999970434,6.527747791467005
100,21,5.079999755253084e-05,0.08711169999878621,21.71253070000239,1.6253682999995362,21.712581499999942,1.7124799999983225,12.67902778427848
100,22,7.339999865507707e-05,0.08525150000059512,15.008065800000622,2.7965614999993704,15.008139199999277,2.8818129999999655,5.20788101101614
100,23,5.4699998145224527e-05,0.08870089999982156,17.40714350000053,2.166593099998863,17.407198199998675,2.2552939999986847,7.718372061473505
100,24,5.379999856813811e-05,0.08491909999793279,24.30516119999811,4.0016183000007,24.30521499999668,4.086537399998633,5.947630627338638
100,25,4.7199999244185165e-05,0.08914759999970556,16.166065699999308,3.1165044000008493,16.166112899998552,3.205652000000555,5.043003077063809
100,26,6.009999924572185e-05,0.08109779999722377,15.932956500000728,2.389857900001516,15.933016599999974,2.47095569999874,6.448119082024862
100,27,6.610000127693638e-05,0.08486079999784124,14.843005500002619,2.372869399998308,14.843071600003896,2.457730199996149,6.039341340244406
100,28,7.170000026235357e-05,0.08203349999894272,16.49943020000137,2.275309799999377,16.499501900001633,2.3573432999983197,6.999193498890634
100,29,6.339999890769832e-05,0.08471650000137743,15.640686200000346,2.941771500001778,15.640749599999253,3.0264880000031553,5.167953614877359
100,30,5.319999763742089e-05,0.09010150000176509,16.068702600001416,2.802343400002428,16.068755799999053,2.892444900004193,5.555423302955835
100,31,5.5100001191021875e-05,0.08278689999860944,15.054722400000173,2.6394667999993544,15.054777500001364,2.722253699997964,5.530262480683789
100,32,6.310000026132911e-05,0.08756240000002435,18.849690800001554,3.7769632000017737,18.849753900001815,3.864525600001798,4.8776372189106585
100,33,6.190000203787349e-05,0.08085560000108671,15.606381800000236,2.113456300001417,15.606443700002274,2.1943119000025035,7.112226707599985
100,34,5.3899999329587445e-05,0.08564599999954225,16.617218700001104,2.4578853999992134,16.617272600000433,2.5435313999987557,6.533150170667664
100,35,7.570000161649659e-05,0.08739890000288142,16.049723600001016,3.27611590000015,16.049799300002633,3.3635148000030313,4.7717344071113255
100,36,5.4299998737405986e-05,0.09013030000278377,15.435718099997757,2.523504699998739,15.435772399996495,2.6136350000015227,5.905863825663301
100,37,6.089999806135893e-05,0.08247209999899496,15.441678200000752,2.2976315999985673,15.441739099998813,2.380103699997562,6.487842987687733
100,38,4.450000051292591e-05,0.08516889999737032,15.375150299998495,2.647902599997906,15.375194799999008,2.733071499995276,5.6256101605924265
100,39,4.810000245925039e-05,0.08243809999839868,15.67808210000294,2.358806000000186,15.678130200005398,2.4412440999985847,6.4221886701188495
100,40,5.030000102124177e-05,0.09084259999872302,15.001920900002006,2.5128648999998404,15.001971200003027,2.6037074999985634,5.7617728565944155
100,41,6.170000051497482e-05,0.08279230000334792,15.983536600000662,2.856739500002732,15.983598300001177,2.9395318000060797,5.4374639866009
100,42,6.049999865354039e-05,0.0834474000002956,16.324236300002667,2.511640399996395,16.32429680000132,2.5950877999966906,6.290460307363064
100,43,6.260000009206124e-05,0.0831822000000102,14.264488600001641,2.301960999997391,14.264551200001733,2.385143199997401,5.980584813531228
100,44,5.080000119050965e-05,0.0824114000024565,15.561389799997414,2.987063099997613,15.561440599998605,3.0694745000000694,5.069740960544958
100,45,5.0499998906161636e-05,0.09148549999736133,14.599220800002513,2.397536399999808,14.59927130000142,2.4890218999971694,5.865465185347715
100,46,7.550000009359792e-05,0.08272279999800958,15.525371600000653,2.851661900000181,15.525447100000747,2.9343846999981906,5.290869700898563
100,47,5.490000330610201e-05,0.08125479999944218,14.847018799999205,2.6808238999983587,14.847073700002511,2.762078699997801,5.375326090460178
100,48,5.18000015290454e-05,0.08873709999897983,14.862708900000143,2.4668702999988454,14.862760700001672,2.5556073999978253,5.815744898850395
100,49,4.450000051292591e-05,0.08433290000175475,15.68626470000163,3.30228409999836,15.686309200002142,3.386617000000115,4.6318521403517465
100,50,4.819999958272092e-05,0.09324220000053174,20.267490199999884,2.464196200002334,20.267538399999466,2.557438400002866,7.924937077654247
100,51,6.429999848478474e-05,0.09139679999861983,14.672581099999661,3.107162000000244,14.672645399998146,3.198558799998864,4.58726767818161
100,52,5.079999755253084e-05,0.08551939999961178,20.78652499999953,2.3927691000026243,20.78657579999708,2.478288500002236,8.387472160718305
100,53,6.56000011076685e-05,0.08317170000009355,16.76614260000133,3.0376857000010205,16.76620820000244,3.120857400001114,5.372308327832106
100,54,6.299999949987978e-05,0.08658940000168514,15.642067299999326,2.796385600002395,15.642130299998826,2.8829750000040804,5.4256905800350985
100,55,5.610000152955763e-05,0.08034589999806485,19.331266299999697,13.842698299999029,19.331322400001227,13.923044199997094,1.3884407836617556
100,56,4.320000152802095e-05,0.08225310000125319,15.755224000000453,2.8841826999996556,15.755267200001981,2.966435800000909,5.311177541747964
100,57,7.079999704728834e-05,0.0842850000008184,15.145805899999687,2.0995837000009487,15.145876699996734,2.183868700001767,6.935342175097101
100,58,4.519999856711365e-05,0.08277019999877666,16.193278000002465,11.341495299999224,16.193323200001032,11.424265499998,1.417449830801277
100,59,5.729999975301325e-05,0.0915205999990576,15.742084199999226,3.031339299999672,15.74214149999898,3.12285989999873,5.040937475294803
100,60,6.850000136182643e-05,0.08140809999895282,14.265444300002855,3.271937399997114,14.265512800004217,3.353345499996067,4.254113630707289
100,61,4.410000110510737e-05,0.08740910000051372,14.527991999999358,2.2126941999995324,14.528036100000463,2.300103300000046,6.316253752603273
100,62,4.410000110510737e-05,0.08230290000210516,14.659522500001913,3.764562100001058,14.659566600003018,3.846865000003163,3.8107827022759997
100,63,4.7900000936351717e-05,0.08654620000015711,16.143349699999817,3.683216400000674,16.143397600000753,3.7697626000008313,4.282337991256318
100,64,5.459999738377519e-05,0.08177300000170362,21.07741149999856,3.2783030000027793,21.077466099995945,3.360076000004483,6.2729134995660285
100,65,6.280000161495991e-05,0.08266329999969457,14.424497099997097,2.5781824000005145,14.424559899998712,2.660845700000209,5.421043354749048
100,66,5.7699999160831794e-05,0.08609870000145747,16.16769690000001,2.748155900000711,16.16775459999917,2.8342546000021684,5.7044115232226495
100,67,5.1799997891066596e-05,0.08178250000128173,19.184695700001612,2.927062200000364,19.184747499999503,3.008844700001646,6.376117551028476
100,68,5.609999789157882e-05,0.08436989999972866,14.673003199997765,2.648832399998355,14.673059299995657,2.7332022999980836,5.368449785076628
100,69,5.1700000767596066e-05,0.08771709999928134,17.896462799999426,9.955847999997786,17.896514500000194,10.043565099997068,1.7818886343461267
100,70,6.230000144569203e-05,0.08521140000084415,16.823109599998133,4.131024099999195,16.82317189999958,4.216235500000039,3.9900930344140937
100,71,4.4699998397845775e-05,0.0829303999998956,16.23558459999913,2.450516000000789,16.235629299997527,2.5334464000006847,6.408515017327045
100,72,4.5599997974932194e-05,0.08468820000052801,14.712971400000242,3.0656565000026603,14.713016999998217,3.1503447000031883,4.670287984671432
100,73,5.199999941396527e-05,0.08260389999850304,19.014411899999686,2.546696299999894,19.0144638999991,2.629300199998397,7.231758435195301
100,74,4.7599998652003706e-05,0.09310669999831589,14.58069339999929,2.3459084999994957,14.580740999997943,2.4390151999978116,5.978126335584553
100,75,5.48999996681232e-05,0.08517489999940153,14.935499300001538,3.0879615000012564,14.935554200001206,3.173136400000658,4.706874308963872
100,76,5.8000001445179805e-05,0.07985039999766741,18.18812909999906,2.7166060999988986,18.188187100000505,2.796456499996566,6.504012166834292
100,77,4.8999998398358e-05,0.083195600000181,15.92024820000006,2.605194899999333,15.920297199998458,2.688390499999514,5.921869311769007
100,78,6.199999916134402e-05,0.09181099999841535,14.439385699999548,3.0375217000000703,14.43944769999871,3.1293326999984856,4.614225806033886
100,79,6.000000212225132e-05,0.08307090000016615,15.553217599997879,2.7750470000028145,15.553277600000001,2.8581179000029806,5.441790067506936
100,80,5.4299998737405986e-05,0.08335729999816976,14.970596399998612,2.780751499998587,14.97065069999735,2.8641087999967567,5.2269839400005695
100,81,5.1399998483248055e-05,0.08577359999981127,15.886765700000979,2.8288050000010116,15.886817099999462,2.914578600000823,5.4508110023160725
100,82,5.700000110664405e-05,0.08411490000071353,16.378150300002744,9.457452399998147,16.37820730000385,9.54156729999886,1.7165112171881665
100,83,5.32000012753997e-05,0.08447829999931855,15.105264700003318,2.356298599999718,15.105317900004593,2.4407768999990367,6.188733554472166
100,84,4.9199999921256676e-05,0.08344339999894146,15.556671400001505,3.424597700002778,15.556720600001427,3.5080411000017193,4.434589036027486
100,85,4.609999814420007e-05,0.08282079999844427,14.882528500002081,2.5633754000009503,14.882574600000225,2.6461961999993946,5.624138754338635
100,86,7.169999662437476e-05,0.0863022000012279,14.928807600001164,3.3083487000003515,14.928879299997789,3.3946509000015794,4.397765702502971
100,87,5.4600001021753997e-05,0.08590939999703551,16.40645500000028,3.1465362000017194,16.4065096000013,3.232445599998755,5.0755717590444895
100,88,4.5900000259280205e-05,0.09152479999829666,25.962392499997804,2.531019500002003,25.962438399998064,2.6225443000002997,9.899713953352512
100,89,4.770000305143185e-05,0.08203620000131195,15.448291400000016,3.2920210999982373,15.448339100003068,3.3740572999995493,4.5785645371242305
100,90,4.640000042854808e-05,0.08579509999981383,18.04647929999919,2.785365900002944,18.04652569999962,2.8711610000027576,6.285445399955727
100,91,5.909999890718609e-05,0.08643260000098962,18.251766400000633,2.631509000002552,18.25182549999954,2.7179416000035417,6.7153118742418005
100,92,6.180000127642415e-05,0.08252119999815477,15.93924590000097,2.81026650000058,15.939307700002246,2.8927876999987348,5.51001641081688
100,93,4.5500000851461664e-05,0.0823603999997431,14.386728000001312,2.6294421999991755,14.386773500002164,2.7118025999989186,5.305243641262052
100,94,4.409999746712856e-05,0.08790850000150385,15.424085200000263,3.4696314000029815,15.42412929999773,3.5575399000044854,4.335616671503328
100,95,7.840000034775585e-05,0.08505180000065593,13.84151600000041,2.8343346000001475,13.841594400000758,2.9193864000008034,4.741268370640128
100,96,4.329999865149148e-05,0.08126970000012079,15.523099099998944,2.7628775000011956,15.523142399997596,2.8441472000013164,5.45792510316991
100,97,5.529999907594174e-05,0.08382480000000214,16.257596499999636,2.38958040000216,16.257651799998712,2.473405200002162,6.572983593624086
100,98,8.499999967170879e-05,0.09314399999857415,16.323457899998175,2.758134200001223,16.323542899997847,2.851278199999797,5.724991303899777
100,99,4.519999856711365e-05,0.08294240000032005,15.369808999999805,2.3891372999969462,15.369854199998372,2.4720796999972663,6.217378104765541
100,100,4.329999865149148e-05,0.08577929999955813,27.4827707000004,2.481787799999438,27.482813999999053,2.567567099998996,10.703834770281095
